sku,store,stock,ageing_days
SMA-SAM-101,Koramangala,9,60
SMA-SAM-101,Indiranagar,5,20
SMA-SAM-101,Whitefield,21,43
SMA-SAM-101,Jayanagar,1,48
SMA-SAM-101,HSR Layout,29,15
SMA-SAM-101,Malleshwaram,5,79
SMA-SAM-101,Central WH,39,66
SMA-VIV-102,Koramangala,1,55
SMA-VIV-102,Indiranagar,5,27
SMA-VIV-102,Whitefield,9,24
SMA-VIV-102,Jayanagar,4,74
SMA-VIV-102,HSR Layout,6,53
SMA-VIV-102,Malleshwaram,13,59
SMA-VIV-102,Central WH,22,25
SMA-ONE-103,Koramangala,4,88
SMA-ONE-103,Indiranagar,8,45
SMA-ONE-103,Whitefield,12,23
SMA-ONE-103,Jayanagar,4,35
SMA-ONE-103,HSR Layout,7,60
SMA-ONE-103,Malleshwaram,7,16
SMA-ONE-103,Central WH,14,54
SMA-XIA-104,Koramangala,2,36
SMA-XIA-104,Indiranagar,3,12
SMA-XIA-104,Whitefield,14,45
SMA-XIA-104,Jayanagar,4,56
SMA-XIA-104,HSR Layout,10,45
SMA-XIA-104,Malleshwaram,2,18
SMA-XIA-104,Central WH,16,60
SMA-ONE-105,Koramangala,1,11
SMA-ONE-105,Indiranagar,7,78
SMA-ONE-105,Whitefield,8,47
SMA-ONE-105,Jayanagar,1,29
SMA-ONE-105,HSR Layout,3,87
SMA-ONE-105,Malleshwaram,5,73
SMA-ONE-105,Central WH,32,58
SMA-ONE-106,Koramangala,29,52
SMA-ONE-106,Indiranagar,7,29
SMA-ONE-106,Whitefield,2,56
SMA-ONE-106,Jayanagar,5,81
SMA-ONE-106,HSR Layout,9,16
SMA-ONE-106,Malleshwaram,17,88
SMA-ONE-106,Central WH,25,73
SMA-ONE-107,Koramangala,8,75
SMA-ONE-107,Indiranagar,3,43
SMA-ONE-107,Whitefield,2,85
SMA-ONE-107,Jayanagar,17,21
SMA-ONE-107,HSR Layout,9,55
SMA-ONE-107,Malleshwaram,10,35
SMA-ONE-107,Central WH,8,22
SMA-SAM-108,Koramangala,13,41
SMA-SAM-108,Indiranagar,7,61
SMA-SAM-108,Whitefield,3,44
SMA-SAM-108,Jayanagar,15,85
SMA-SAM-108,HSR Layout,0,72
SMA-SAM-108,Malleshwaram,12,89
SMA-SAM-108,Central WH,47,19
SMA-APP-109,Koramangala,2,47
SMA-APP-109,Indiranagar,3,48
SMA-APP-109,Whitefield,44,32
SMA-APP-109,Jayanagar,1,49
SMA-APP-109,HSR Layout,29,9
SMA-APP-109,Malleshwaram,13,77
SMA-APP-109,Central WH,31,13
SMA-APP-110,Koramangala,3,84
SMA-APP-110,Indiranagar,4,84
SMA-APP-110,Whitefield,6,88
SMA-APP-110,Jayanagar,1,58
SMA-APP-110,HSR Layout,1,43
SMA-APP-110,Malleshwaram,10,72
SMA-APP-110,Central WH,59,36
SMA-XIA-111,Koramangala,9,60
SMA-XIA-111,Indiranagar,14,84
SMA-XIA-111,Whitefield,3,45
SMA-XIA-111,Jayanagar,22,34
SMA-XIA-111,HSR Layout,18,56
SMA-XIA-111,Malleshwaram,15,70
SMA-XIA-111,Central WH,13,75
SMA-SAM-112,Koramangala,10,18
SMA-SAM-112,Indiranagar,15,14
SMA-SAM-112,Whitefield,12,75
SMA-SAM-112,Jayanagar,13,18
SMA-SAM-112,HSR Layout,5,7
SMA-SAM-112,Malleshwaram,7,47
SMA-SAM-112,Central WH,6,21
SMA-SAM-113,Koramangala,14,24
SMA-SAM-113,Indiranagar,6,29
SMA-SAM-113,Whitefield,13,80
SMA-SAM-113,Jayanagar,14,50
SMA-SAM-113,HSR Layout,6,21
SMA-SAM-113,Malleshwaram,6,11
SMA-SAM-113,Central WH,7,24
LAP-HP-114,Koramangala,14,67
LAP-HP-114,Indiranagar,8,57
LAP-HP-114,Whitefield,4,48
LAP-HP-114,Jayanagar,6,38
LAP-HP-114,HSR Layout,12,36
LAP-HP-114,Malleshwaram,11,78
LAP-HP-114,Central WH,13,77
LAP-DEL-115,Koramangala,4,13
LAP-DEL-115,Indiranagar,3,64
LAP-DEL-115,Whitefield,5,29
LAP-DEL-115,Jayanagar,11,15
LAP-DEL-115,HSR Layout,2,45
LAP-DEL-115,Malleshwaram,5,58
LAP-DEL-115,Central WH,55,50
LAP-LEN-116,Koramangala,9,10
LAP-LEN-116,Indiranagar,7,85
LAP-LEN-116,Whitefield,14,36
LAP-LEN-116,Jayanagar,7,84
LAP-LEN-116,HSR Layout,11,54
LAP-LEN-116,Malleshwaram,4,77
LAP-LEN-116,Central WH,42,11
LAP-LEN-117,Koramangala,1,27
LAP-LEN-117,Indiranagar,2,54
LAP-LEN-117,Whitefield,9,68
LAP-LEN-117,Jayanagar,2,29
LAP-LEN-117,HSR Layout,5,59
LAP-LEN-117,Malleshwaram,3,42
LAP-LEN-117,Central WH,56,80
LAP-ACE-118,Koramangala,33,53
LAP-ACE-118,Indiranagar,28,48
LAP-ACE-118,Whitefield,5,63
LAP-ACE-118,Jayanagar,9,67
LAP-ACE-118,HSR Layout,2,23
LAP-ACE-118,Malleshwaram,20,87
LAP-ACE-118,Central WH,36,51
LAP-HP-119,Koramangala,2,5
LAP-HP-119,Indiranagar,0,85
LAP-HP-119,Whitefield,8,34
LAP-HP-119,Jayanagar,5,33
LAP-HP-119,HSR Layout,36,31
LAP-HP-119,Malleshwaram,16,8
LAP-HP-119,Central WH,36,86
LAP-ASU-120,Koramangala,17,21
LAP-ASU-120,Indiranagar,0,87
LAP-ASU-120,Whitefield,12,15
LAP-ASU-120,Jayanagar,6,22
LAP-ASU-120,HSR Layout,2,70
LAP-ASU-120,Malleshwaram,26,26
LAP-ASU-120,Central WH,9,87
LAP-DEL-121,Koramangala,12,22
LAP-DEL-121,Indiranagar,1,36
LAP-DEL-121,Whitefield,10,58
LAP-DEL-121,Jayanagar,12,70
LAP-DEL-121,HSR Layout,1,79
LAP-DEL-121,Malleshwaram,7,45
LAP-DEL-121,Central WH,53,22
LAP-DEL-122,Koramangala,7,39
LAP-DEL-122,Indiranagar,23,69
LAP-DEL-122,Whitefield,6,37
LAP-DEL-122,Jayanagar,7,65
LAP-DEL-122,HSR Layout,4,34
LAP-DEL-122,Malleshwaram,1,17
LAP-DEL-122,Central WH,33,24
LAP-DEL-123,Koramangala,16,73
LAP-DEL-123,Indiranagar,3,74
LAP-DEL-123,Whitefield,7,12
LAP-DEL-123,Jayanagar,9,62
LAP-DEL-123,HSR Layout,2,5
LAP-DEL-123,Malleshwaram,44,64
LAP-DEL-123,Central WH,24,45
LAP-DEL-124,Koramangala,8,39
LAP-DEL-124,Indiranagar,18,32
LAP-DEL-124,Whitefield,9,13
LAP-DEL-124,Jayanagar,11,33
LAP-DEL-124,HSR Layout,1,49
LAP-DEL-124,Malleshwaram,9,86
LAP-DEL-124,Central WH,22,62
LAP-LEN-125,Koramangala,5,53
LAP-LEN-125,Indiranagar,4,8
LAP-LEN-125,Whitefield,27,65
LAP-LEN-125,Jayanagar,16,77
LAP-LEN-125,HSR Layout,20,85
LAP-LEN-125,Malleshwaram,19,36
LAP-LEN-125,Central WH,16,87
LAP-LEN-126,Koramangala,0,20
LAP-LEN-126,Indiranagar,28,26
LAP-LEN-126,Whitefield,5,7
LAP-LEN-126,Jayanagar,16,33
LAP-LEN-126,HSR Layout,3,77
LAP-LEN-126,Malleshwaram,6,72
LAP-LEN-126,Central WH,20,39
TEL-XIA-127,Koramangala,25,85
TEL-XIA-127,Indiranagar,13,35
TEL-XIA-127,Whitefield,4,41
TEL-XIA-127,Jayanagar,7,82
TEL-XIA-127,HSR Layout,15,18
TEL-XIA-127,Malleshwaram,8,62
TEL-XIA-127,Central WH,22,15
TEL-SAM-128,Koramangala,1,80
TEL-SAM-128,Indiranagar,20,68
TEL-SAM-128,Whitefield,11,58
TEL-SAM-128,Jayanagar,8,80
TEL-SAM-128,HSR Layout,2,79
TEL-SAM-128,Malleshwaram,3,80
TEL-SAM-128,Central WH,15,72
TEL-TCL-129,Koramangala,6,38
TEL-TCL-129,Indiranagar,1,44
TEL-TCL-129,Whitefield,9,84
TEL-TCL-129,Jayanagar,6,83
TEL-TCL-129,HSR Layout,6,44
TEL-TCL-129,Malleshwaram,3,37
TEL-TCL-129,Central WH,25,89
TEL-SON-130,Koramangala,4,66
TEL-SON-130,Indiranagar,8,80
TEL-SON-130,Whitefield,12,31
TEL-SON-130,Jayanagar,0,10
TEL-SON-130,HSR Layout,11,34
TEL-SON-130,Malleshwaram,4,20
TEL-SON-130,Central WH,27,22
TEL-TCL-131,Koramangala,22,47
TEL-TCL-131,Indiranagar,10,75
TEL-TCL-131,Whitefield,2,45
TEL-TCL-131,Jayanagar,4,75
TEL-TCL-131,HSR Layout,13,16
TEL-TCL-131,Malleshwaram,6,62
TEL-TCL-131,Central WH,59,49
TEL-XIA-132,Koramangala,40,30
TEL-XIA-132,Indiranagar,17,63
TEL-XIA-132,Whitefield,9,79
TEL-XIA-132,Jayanagar,15,7
TEL-XIA-132,HSR Layout,12,85
TEL-XIA-132,Malleshwaram,2,21
TEL-XIA-132,Central WH,40,28
TEL-SAM-133,Koramangala,7,40
TEL-SAM-133,Indiranagar,9,14
TEL-SAM-133,Whitefield,1,79
TEL-SAM-133,Jayanagar,17,29
TEL-SAM-133,HSR Layout,3,21
TEL-SAM-133,Malleshwaram,12,79
TEL-SAM-133,Central WH,49,22
TEL-XIA-134,Koramangala,12,9
TEL-XIA-134,Indiranagar,3,86
TEL-XIA-134,Whitefield,2,19
TEL-XIA-134,Jayanagar,4,17
TEL-XIA-134,HSR Layout,6,28
TEL-XIA-134,Malleshwaram,3,24
TEL-XIA-134,Central WH,22,71
TEL-SON-135,Koramangala,14,14
TEL-SON-135,Indiranagar,4,14
TEL-SON-135,Whitefield,9,53
TEL-SON-135,Jayanagar,5,78
TEL-SON-135,HSR Layout,20,85
TEL-SON-135,Malleshwaram,9,70
TEL-SON-135,Central WH,8,56
TEL-XIA-136,Koramangala,14,35
TEL-XIA-136,Indiranagar,8,46
TEL-XIA-136,Whitefield,17,70
TEL-XIA-136,Jayanagar,12,37
TEL-XIA-136,HSR Layout,43,38
TEL-XIA-136,Malleshwaram,10,75
TEL-XIA-136,Central WH,53,34
TEL-TCL-137,Koramangala,10,30
TEL-TCL-137,Indiranagar,13,26
TEL-TCL-137,Whitefield,2,59
TEL-TCL-137,Jayanagar,4,55
TEL-TCL-137,HSR Layout,21,5
TEL-TCL-137,Malleshwaram,0,52
TEL-TCL-137,Central WH,18,72
TEL-LG-138,Koramangala,28,32
TEL-LG-138,Indiranagar,8,7
TEL-LG-138,Whitefield,50,36
TEL-LG-138,Jayanagar,18,24
TEL-LG-138,HSR Layout,4,28
TEL-LG-138,Malleshwaram,3,57
TEL-LG-138,Central WH,16,64
TEL-SON-139,Koramangala,4,44
TEL-SON-139,Indiranagar,4,64
TEL-SON-139,Whitefield,12,79
TEL-SON-139,Jayanagar,18,63
TEL-SON-139,HSR Layout,2,88
TEL-SON-139,Malleshwaram,11,6
TEL-SON-139,Central WH,12,56
REF-GOD-140,Koramangala,8,55
REF-GOD-140,Indiranagar,10,69
REF-GOD-140,Whitefield,11,34
REF-GOD-140,Jayanagar,13,81
REF-GOD-140,HSR Layout,10,58
REF-GOD-140,Malleshwaram,56,18
REF-GOD-140,Central WH,25,65
REF-LG-141,Koramangala,19,28
REF-LG-141,Indiranagar,1,12
REF-LG-141,Whitefield,0,80
REF-LG-141,Jayanagar,23,71
REF-LG-141,HSR Layout,21,42
REF-LG-141,Malleshwaram,2,17
REF-LG-141,Central WH,11,54
REF-GOD-142,Koramangala,7,58
REF-GOD-142,Indiranagar,10,54
REF-GOD-142,Whitefield,4,39
REF-GOD-142,Jayanagar,3,71
REF-GOD-142,HSR Layout,8,13
REF-GOD-142,Malleshwaram,10,9
REF-GOD-142,Central WH,24,30
REF-GOD-143,Koramangala,13,13
REF-GOD-143,Indiranagar,7,88
REF-GOD-143,Whitefield,2,10
REF-GOD-143,Jayanagar,11,32
REF-GOD-143,HSR Layout,1,7
REF-GOD-143,Malleshwaram,19,50
REF-GOD-143,Central WH,33,15
REF-LG-144,Koramangala,11,35
REF-LG-144,Indiranagar,3,11
REF-LG-144,Whitefield,8,53
REF-LG-144,Jayanagar,5,87
REF-LG-144,HSR Layout,18,9
REF-LG-144,Malleshwaram,7,88
REF-LG-144,Central WH,52,78
REF-WHI-145,Koramangala,13,67
REF-WHI-145,Indiranagar,5,22
REF-WHI-145,Whitefield,14,15
REF-WHI-145,Jayanagar,16,33
REF-WHI-145,HSR Layout,4,51
REF-WHI-145,Malleshwaram,34,21
REF-WHI-145,Central WH,59,40
REF-GOD-146,Koramangala,38,9
REF-GOD-146,Indiranagar,13,66
REF-GOD-146,Whitefield,37,16
REF-GOD-146,Jayanagar,6,30
REF-GOD-146,HSR Layout,6,58
REF-GOD-146,Malleshwaram,7,8
REF-GOD-146,Central WH,41,40
REF-SAM-147,Koramangala,10,53
REF-SAM-147,Indiranagar,0,67
REF-SAM-147,Whitefield,7,34
REF-SAM-147,Jayanagar,2,41
REF-SAM-147,HSR Layout,3,80
REF-SAM-147,Malleshwaram,3,87
REF-SAM-147,Central WH,56,40
REF-GOD-148,Koramangala,4,13
REF-GOD-148,Indiranagar,0,23
REF-GOD-148,Whitefield,2,5
REF-GOD-148,Jayanagar,3,35
REF-GOD-148,HSR Layout,4,56
REF-GOD-148,Malleshwaram,6,32
REF-GOD-148,Central WH,40,70
REF-LG-149,Koramangala,20,78
REF-LG-149,Indiranagar,8,41
REF-LG-149,Whitefield,24,63
REF-LG-149,Jayanagar,10,86
REF-LG-149,HSR Layout,0,59
REF-LG-149,Malleshwaram,16,27
REF-LG-149,Central WH,42,13
REF-LG-150,Koramangala,5,27
REF-LG-150,Indiranagar,1,25
REF-LG-150,Whitefield,2,31
REF-LG-150,Jayanagar,17,9
REF-LG-150,HSR Layout,7,44
REF-LG-150,Malleshwaram,3,18
REF-LG-150,Central WH,58,35
REF-LG-151,Koramangala,0,44
REF-LG-151,Indiranagar,3,12
REF-LG-151,Whitefield,3,56
REF-LG-151,Jayanagar,20,29
REF-LG-151,HSR Layout,22,56
REF-LG-151,Malleshwaram,39,17
REF-LG-151,Central WH,54,51
REF-LG-152,Koramangala,7,37
REF-LG-152,Indiranagar,31,15
REF-LG-152,Whitefield,3,82
REF-LG-152,Jayanagar,26,55
REF-LG-152,HSR Layout,2,21
REF-LG-152,Malleshwaram,9,23
REF-LG-152,Central WH,16,49
WAS-IFB-153,Koramangala,7,37
WAS-IFB-153,Indiranagar,4,14
WAS-IFB-153,Whitefield,17,67
WAS-IFB-153,Jayanagar,22,56
WAS-IFB-153,HSR Layout,8,32
WAS-IFB-153,Malleshwaram,4,51
WAS-IFB-153,Central WH,16,62
WAS-WHI-154,Koramangala,21,31
WAS-WHI-154,Indiranagar,2,76
WAS-WHI-154,Whitefield,16,80
WAS-WHI-154,Jayanagar,2,35
WAS-WHI-154,HSR Layout,35,10
WAS-WHI-154,Malleshwaram,5,78
WAS-WHI-154,Central WH,27,72
WAS-LG-155,Koramangala,0,56
WAS-LG-155,Indiranagar,2,29
WAS-LG-155,Whitefield,6,83
WAS-LG-155,Jayanagar,14,46
WAS-LG-155,HSR Layout,9,24
WAS-LG-155,Malleshwaram,11,46
WAS-LG-155,Central WH,6,38
WAS-SAM-156,Koramangala,10,10
WAS-SAM-156,Indiranagar,3,21
WAS-SAM-156,Whitefield,3,8
WAS-SAM-156,Jayanagar,13,39
WAS-SAM-156,HSR Layout,4,11
WAS-SAM-156,Malleshwaram,16,48
WAS-SAM-156,Central WH,14,29
WAS-IFB-157,Koramangala,8,65
WAS-IFB-157,Indiranagar,6,19
WAS-IFB-157,Whitefield,3,10
WAS-IFB-157,Jayanagar,12,54
WAS-IFB-157,HSR Layout,3,21
WAS-IFB-157,Malleshwaram,4,36
WAS-IFB-157,Central WH,5,56
WAS-BOS-158,Koramangala,5,87
WAS-BOS-158,Indiranagar,9,26
WAS-BOS-158,Whitefield,11,14
WAS-BOS-158,Jayanagar,6,70
WAS-BOS-158,HSR Layout,8,75
WAS-BOS-158,Malleshwaram,3,8
WAS-BOS-158,Central WH,7,34
WAS-IFB-159,Koramangala,8,33
WAS-IFB-159,Indiranagar,11,46
WAS-IFB-159,Whitefield,0,27
WAS-IFB-159,Jayanagar,1,22
WAS-IFB-159,HSR Layout,12,29
WAS-IFB-159,Malleshwaram,14,62
WAS-IFB-159,Central WH,21,6
WAS-LG-160,Koramangala,1,17
WAS-LG-160,Indiranagar,15,65
WAS-LG-160,Whitefield,15,81
WAS-LG-160,Jayanagar,13,30
WAS-LG-160,HSR Layout,2,45
WAS-LG-160,Malleshwaram,17,16
WAS-LG-160,Central WH,50,12
WAS-WHI-161,Koramangala,4,5
WAS-WHI-161,Indiranagar,14,57
WAS-WHI-161,Whitefield,6,13
WAS-WHI-161,Jayanagar,19,63
WAS-WHI-161,HSR Layout,3,52
WAS-WHI-161,Malleshwaram,17,64
WAS-WHI-161,Central WH,22,62
WAS-IFB-162,Koramangala,9,78
WAS-IFB-162,Indiranagar,5,68
WAS-IFB-162,Whitefield,0,49
WAS-IFB-162,Jayanagar,18,82
WAS-IFB-162,HSR Layout,1,56
WAS-IFB-162,Malleshwaram,3,77
WAS-IFB-162,Central WH,44,78
WAS-SAM-163,Koramangala,2,56
WAS-SAM-163,Indiranagar,3,14
WAS-SAM-163,Whitefield,4,30
WAS-SAM-163,Jayanagar,8,63
WAS-SAM-163,HSR Layout,7,66
WAS-SAM-163,Malleshwaram,19,59
WAS-SAM-163,Central WH,39,38
WAS-WHI-164,Koramangala,18,22
WAS-WHI-164,Indiranagar,11,13
WAS-WHI-164,Whitefield,7,76
WAS-WHI-164,Jayanagar,10,6
WAS-WHI-164,HSR Layout,15,43
WAS-WHI-164,Malleshwaram,2,57
WAS-WHI-164,Central WH,14,29
WAS-BOS-165,Koramangala,21,39
WAS-BOS-165,Indiranagar,3,55
WAS-BOS-165,Whitefield,4,24
WAS-BOS-165,Jayanagar,10,18
WAS-BOS-165,HSR Layout,30,76
WAS-BOS-165,Malleshwaram,18,54
WAS-BOS-165,Central WH,57,67
AIR-LG-166,Koramangala,8,65
AIR-LG-166,Indiranagar,21,61
AIR-LG-166,Whitefield,2,70
AIR-LG-166,Jayanagar,5,6
AIR-LG-166,HSR Layout,20,39
AIR-LG-166,Malleshwaram,11,65
AIR-LG-166,Central WH,55,88
AIR-BLU-167,Koramangala,32,50
AIR-BLU-167,Indiranagar,3,86
AIR-BLU-167,Whitefield,3,13
AIR-BLU-167,Jayanagar,1,17
AIR-BLU-167,HSR Layout,10,52
AIR-BLU-167,Malleshwaram,9,14
AIR-BLU-167,Central WH,59,81
AIR-LG-168,Koramangala,5,86
AIR-LG-168,Indiranagar,4,59
AIR-LG-168,Whitefield,8,21
AIR-LG-168,Jayanagar,1,78
AIR-LG-168,HSR Layout,15,34
AIR-LG-168,Malleshwaram,11,31
AIR-LG-168,Central WH,36,13
AIR-LG-169,Koramangala,0,28
AIR-LG-169,Indiranagar,9,86
AIR-LG-169,Whitefield,18,64
AIR-LG-169,Jayanagar,11,58
AIR-LG-169,HSR Layout,9,33
AIR-LG-169,Malleshwaram,3,19
AIR-LG-169,Central WH,11,43
AIR-LG-170,Koramangala,20,38
AIR-LG-170,Indiranagar,2,22
AIR-LG-170,Whitefield,8,47
AIR-LG-170,Jayanagar,16,75
AIR-LG-170,HSR Layout,15,19
AIR-LG-170,Malleshwaram,29,48
AIR-LG-170,Central WH,14,81
AIR-LG-171,Koramangala,2,27
AIR-LG-171,Indiranagar,2,53
AIR-LG-171,Whitefield,21,47
AIR-LG-171,Jayanagar,3,22
AIR-LG-171,HSR Layout,1,36
AIR-LG-171,Malleshwaram,4,52
AIR-LG-171,Central WH,53,71
AIR-DAI-172,Koramangala,17,85
AIR-DAI-172,Indiranagar,18,77
AIR-DAI-172,Whitefield,7,21
AIR-DAI-172,Jayanagar,2,58
AIR-DAI-172,HSR Layout,12,50
AIR-DAI-172,Malleshwaram,5,19
AIR-DAI-172,Central WH,44,40
AIR-BLU-173,Koramangala,0,83
AIR-BLU-173,Indiranagar,11,34
AIR-BLU-173,Whitefield,2,62
AIR-BLU-173,Jayanagar,10,52
AIR-BLU-173,HSR Layout,8,84
AIR-BLU-173,Malleshwaram,16,39
AIR-BLU-173,Central WH,19,85
AIR-VOL-174,Koramangala,2,30
AIR-VOL-174,Indiranagar,3,56
AIR-VOL-174,Whitefield,13,78
AIR-VOL-174,Jayanagar,7,43
AIR-VOL-174,HSR Layout,3,19
AIR-VOL-174,Malleshwaram,12,76
AIR-VOL-174,Central WH,39,84
AIR-LG-175,Koramangala,6,59
AIR-LG-175,Indiranagar,4,88
AIR-LG-175,Whitefield,1,72
AIR-LG-175,Jayanagar,12,20
AIR-LG-175,HSR Layout,12,27
AIR-LG-175,Malleshwaram,1,84
AIR-LG-175,Central WH,33,62
AIR-DAI-176,Koramangala,1,62
AIR-DAI-176,Indiranagar,5,32
AIR-DAI-176,Whitefield,1,12
AIR-DAI-176,Jayanagar,16,83
AIR-DAI-176,HSR Layout,2,47
AIR-DAI-176,Malleshwaram,11,70
AIR-DAI-176,Central WH,30,65
AIR-VOL-177,Koramangala,6,72
AIR-VOL-177,Indiranagar,3,48
AIR-VOL-177,Whitefield,27,17
AIR-VOL-177,Jayanagar,14,52
AIR-VOL-177,HSR Layout,8,72
AIR-VOL-177,Malleshwaram,18,21
AIR-VOL-177,Central WH,17,77
AIR-BLU-178,Koramangala,2,33
AIR-BLU-178,Indiranagar,3,31
AIR-BLU-178,Whitefield,3,42
AIR-BLU-178,Jayanagar,4,6
AIR-BLU-178,HSR Layout,6,66
AIR-BLU-178,Malleshwaram,5,13
AIR-BLU-178,Central WH,42,34
HEA-SON-179,Koramangala,6,85
HEA-SON-179,Indiranagar,14,41
HEA-SON-179,Whitefield,4,66
HEA-SON-179,Jayanagar,0,38
HEA-SON-179,HSR Layout,14,85
HEA-SON-179,Malleshwaram,7,88
HEA-SON-179,Central WH,41,80
HEA-JBL-180,Koramangala,3,25
HEA-JBL-180,Indiranagar,13,88
HEA-JBL-180,Whitefield,25,10
HEA-JBL-180,Jayanagar,2,22
HEA-JBL-180,HSR Layout,1,55
HEA-JBL-180,Malleshwaram,12,82
HEA-JBL-180,Central WH,13,76
HEA-BOS-181,Koramangala,14,30
HEA-BOS-181,Indiranagar,49,86
HEA-BOS-181,Whitefield,12,8
HEA-BOS-181,Jayanagar,40,36
HEA-BOS-181,HSR Layout,3,12
HEA-BOS-181,Malleshwaram,7,87
HEA-BOS-181,Central WH,13,64
HEA-JBL-182,Koramangala,11,54
HEA-JBL-182,Indiranagar,0,5
HEA-JBL-182,Whitefield,10,6
HEA-JBL-182,Jayanagar,22,84
HEA-JBL-182,HSR Layout,29,38
HEA-JBL-182,Malleshwaram,5,46
HEA-JBL-182,Central WH,42,87
HEA-BOA-183,Koramangala,1,28
HEA-BOA-183,Indiranagar,7,34
HEA-BOA-183,Whitefield,11,51
HEA-BOA-183,Jayanagar,9,75
HEA-BOA-183,HSR Layout,9,66
HEA-BOA-183,Malleshwaram,14,20
HEA-BOA-183,Central WH,38,14
HEA-JBL-184,Koramangala,9,77
HEA-JBL-184,Indiranagar,3,69
HEA-JBL-184,Whitefield,5,42
HEA-JBL-184,Jayanagar,6,38
HEA-JBL-184,HSR Layout,2,22
HEA-JBL-184,Malleshwaram,7,76
HEA-JBL-184,Central WH,6,21
HEA-JBL-185,Koramangala,3,42
HEA-JBL-185,Indiranagar,31,88
HEA-JBL-185,Whitefield,7,60
HEA-JBL-185,Jayanagar,11,85
HEA-JBL-185,HSR Layout,1,49
HEA-JBL-185,Malleshwaram,8,11
HEA-JBL-185,Central WH,9,65
HEA-BOS-186,Koramangala,4,44
HEA-BOS-186,Indiranagar,1,56
HEA-BOS-186,Whitefield,3,12
HEA-BOS-186,Jayanagar,10,62
HEA-BOS-186,HSR Layout,9,64
HEA-BOS-186,Malleshwaram,4,69
HEA-BOS-186,Central WH,16,36
HEA-JBL-187,Koramangala,5,60
HEA-JBL-187,Indiranagar,19,67
HEA-JBL-187,Whitefield,16,89
HEA-JBL-187,Jayanagar,4,12
HEA-JBL-187,HSR Layout,3,71
HEA-JBL-187,Malleshwaram,26,65
HEA-JBL-187,Central WH,47,88
HEA-SON-188,Koramangala,14,25
HEA-SON-188,Indiranagar,5,39
HEA-SON-188,Whitefield,26,63
HEA-SON-188,Jayanagar,3,82
HEA-SON-188,HSR Layout,3,15
HEA-SON-188,Malleshwaram,0,62
HEA-SON-188,Central WH,43,87
HEA-BOA-189,Koramangala,17,75
HEA-BOA-189,Indiranagar,28,22
HEA-BOA-189,Whitefield,15,68
HEA-BOA-189,Jayanagar,7,88
HEA-BOA-189,HSR Layout,8,5
HEA-BOA-189,Malleshwaram,1,85
HEA-BOA-189,Central WH,29,79
HEA-BOS-190,Koramangala,3,62
HEA-BOS-190,Indiranagar,14,9
HEA-BOS-190,Whitefield,4,12
HEA-BOS-190,Jayanagar,10,14
HEA-BOS-190,HSR Layout,20,78
HEA-BOS-190,Malleshwaram,18,33
HEA-BOS-190,Central WH,36,42
HEA-BOA-191,Koramangala,10,80
HEA-BOA-191,Indiranagar,3,11
HEA-BOA-191,Whitefield,13,6
HEA-BOA-191,Jayanagar,12,37
HEA-BOA-191,HSR Layout,37,54
HEA-BOA-191,Malleshwaram,11,21
HEA-BOA-191,Central WH,54,82
SMA-AMA-192,Koramangala,6,83
SMA-AMA-192,Indiranagar,10,46
SMA-AMA-192,Whitefield,4,50
SMA-AMA-192,Jayanagar,8,76
SMA-AMA-192,HSR Layout,6,17
SMA-AMA-192,Malleshwaram,3,31
SMA-AMA-192,Central WH,19,78
SMA-SAM-193,Koramangala,71,71
SMA-SAM-193,Indiranagar,0,33
SMA-SAM-193,Whitefield,5,58
SMA-SAM-193,Jayanagar,14,81
SMA-SAM-193,HSR Layout,0,45
SMA-SAM-193,Malleshwaram,0,67
SMA-SAM-193,Central WH,53,40
SMA-NOI-194,Koramangala,33,80
SMA-NOI-194,Indiranagar,17,81
SMA-NOI-194,Whitefield,3,41
SMA-NOI-194,Jayanagar,2,70
SMA-NOI-194,HSR Layout,20,83
SMA-NOI-194,Malleshwaram,8,88
SMA-NOI-194,Central WH,39,69
SMA-NOI-195,Koramangala,13,27
SMA-NOI-195,Indiranagar,2,33
SMA-NOI-195,Whitefield,21,60
SMA-NOI-195,Jayanagar,8,24
SMA-NOI-195,HSR Layout,52,26
SMA-NOI-195,Malleshwaram,6,75
SMA-NOI-195,Central WH,38,21
SMA-SAM-196,Koramangala,3,40
SMA-SAM-196,Indiranagar,6,46
SMA-SAM-196,Whitefield,0,69
SMA-SAM-196,Jayanagar,2,11
SMA-SAM-196,HSR Layout,3,54
SMA-SAM-196,Malleshwaram,14,87
SMA-SAM-196,Central WH,42,85
SMA-NOI-197,Koramangala,17,55
SMA-NOI-197,Indiranagar,6,32
SMA-NOI-197,Whitefield,3,19
SMA-NOI-197,Jayanagar,6,68
SMA-NOI-197,HSR Layout,1,52
SMA-NOI-197,Malleshwaram,13,69
SMA-NOI-197,Central WH,49,51
SMA-APP-198,Koramangala,7,84
SMA-APP-198,Indiranagar,5,53
SMA-APP-198,Whitefield,21,31
SMA-APP-198,Jayanagar,2,43
SMA-APP-198,HSR Layout,2,34
SMA-APP-198,Malleshwaram,10,55
SMA-APP-198,Central WH,25,21
SMA-APP-199,Koramangala,17,58
SMA-APP-199,Indiranagar,24,18
SMA-APP-199,Whitefield,16,23
SMA-APP-199,Jayanagar,7,73
SMA-APP-199,HSR Layout,15,8
SMA-APP-199,Malleshwaram,5,24
SMA-APP-199,Central WH,16,56
SMA-NOI-200,Koramangala,4,26
SMA-NOI-200,Indiranagar,14,46
SMA-NOI-200,Whitefield,9,77
SMA-NOI-200,Jayanagar,3,78
SMA-NOI-200,HSR Layout,5,22
SMA-NOI-200,Malleshwaram,6,17
SMA-NOI-200,Central WH,39,62
SMA-SAM-201,Koramangala,6,64
SMA-SAM-201,Indiranagar,16,74
SMA-SAM-201,Whitefield,2,74
SMA-SAM-201,Jayanagar,3,43
SMA-SAM-201,HSR Layout,10,17
SMA-SAM-201,Malleshwaram,9,24
SMA-SAM-201,Central WH,31,56
SMA-APP-202,Koramangala,7,12
SMA-APP-202,Indiranagar,3,73
SMA-APP-202,Whitefield,37,44
SMA-APP-202,Jayanagar,3,74
SMA-APP-202,HSR Layout,22,72
SMA-APP-202,Malleshwaram,17,74
SMA-APP-202,Central WH,10,46
SMA-AMA-203,Koramangala,5,51
SMA-AMA-203,Indiranagar,12,32
SMA-AMA-203,Whitefield,5,34
SMA-AMA-203,Jayanagar,0,8
SMA-AMA-203,HSR Layout,5,44
SMA-AMA-203,Malleshwaram,4,88
SMA-AMA-203,Central WH,53,72
SMA-APP-204,Koramangala,4,80
SMA-APP-204,Indiranagar,5,28
SMA-APP-204,Whitefield,8,28
SMA-APP-204,Jayanagar,10,7
SMA-APP-204,HSR Layout,7,6
SMA-APP-204,Malleshwaram,4,30
SMA-APP-204,Central WH,55,17
CAM-SON-205,Koramangala,6,10
CAM-SON-205,Indiranagar,20,22
CAM-SON-205,Whitefield,11,45
CAM-SON-205,Jayanagar,13,65
CAM-SON-205,HSR Layout,11,55
CAM-SON-205,Malleshwaram,12,66
CAM-SON-205,Central WH,57,52
CAM-CAN-206,Koramangala,8,12
CAM-CAN-206,Indiranagar,6,58
CAM-CAN-206,Whitefield,9,64
CAM-CAN-206,Jayanagar,8,45
CAM-CAN-206,HSR Layout,2,23
CAM-CAN-206,Malleshwaram,43,43
CAM-CAN-206,Central WH,20,38
CAM-CAN-207,Koramangala,16,38
CAM-CAN-207,Indiranagar,45,31
CAM-CAN-207,Whitefield,2,9
CAM-CAN-207,Jayanagar,3,31
CAM-CAN-207,HSR Layout,7,35
CAM-CAN-207,Malleshwaram,3,54
CAM-CAN-207,Central WH,15,81
CAM-SON-208,Koramangala,10,83
CAM-SON-208,Indiranagar,5,26
CAM-SON-208,Whitefield,7,34
CAM-SON-208,Jayanagar,8,15
CAM-SON-208,HSR Layout,21,77
CAM-SON-208,Malleshwaram,6,85
CAM-SON-208,Central WH,58,89
CAM-NIK-209,Koramangala,2,23
CAM-NIK-209,Indiranagar,12,8
CAM-NIK-209,Whitefield,8,59
CAM-NIK-209,Jayanagar,2,89
CAM-NIK-209,HSR Layout,11,69
CAM-NIK-209,Malleshwaram,6,19
CAM-NIK-209,Central WH,27,34
CAM-CAN-210,Koramangala,19,84
CAM-CAN-210,Indiranagar,3,21
CAM-CAN-210,Whitefield,6,79
CAM-CAN-210,Jayanagar,1,26
CAM-CAN-210,HSR Layout,6,55
CAM-CAN-210,Malleshwaram,2,47
CAM-CAN-210,Central WH,31,44
CAM-NIK-211,Koramangala,4,51
CAM-NIK-211,Indiranagar,9,33
CAM-NIK-211,Whitefield,5,12
CAM-NIK-211,Jayanagar,2,68
CAM-NIK-211,HSR Layout,6,33
CAM-NIK-211,Malleshwaram,2,47
CAM-NIK-211,Central WH,37,64
CAM-NIK-212,Koramangala,3,56
CAM-NIK-212,Indiranagar,1,18
CAM-NIK-212,Whitefield,6,28
CAM-NIK-212,Jayanagar,7,72
CAM-NIK-212,HSR Layout,4,33
CAM-NIK-212,Malleshwaram,7,9
CAM-NIK-212,Central WH,29,70
CAM-CAN-213,Koramangala,25,16
CAM-CAN-213,Indiranagar,14,87
CAM-CAN-213,Whitefield,2,40
CAM-CAN-213,Jayanagar,2,56
CAM-CAN-213,HSR Layout,13,51
CAM-CAN-213,Malleshwaram,2,27
CAM-CAN-213,Central WH,57,66
CAM-CAN-214,Koramangala,4,58
CAM-CAN-214,Indiranagar,2,50
CAM-CAN-214,Whitefield,31,88
CAM-CAN-214,Jayanagar,0,40
CAM-CAN-214,HSR Layout,8,13
CAM-CAN-214,Malleshwaram,1,49
CAM-CAN-214,Central WH,39,53
CAM-NIK-215,Koramangala,24,73
CAM-NIK-215,Indiranagar,3,21
CAM-NIK-215,Whitefield,13,22
CAM-NIK-215,Jayanagar,7,5
CAM-NIK-215,HSR Layout,20,46
CAM-NIK-215,Malleshwaram,29,58
CAM-NIK-215,Central WH,15,76
CAM-NIK-216,Koramangala,2,9
CAM-NIK-216,Indiranagar,2,77
CAM-NIK-216,Whitefield,3,69
CAM-NIK-216,Jayanagar,8,30
CAM-NIK-216,HSR Layout,5,17
CAM-NIK-216,Malleshwaram,12,34
CAM-NIK-216,Central WH,57,45
CAM-NIK-217,Koramangala,14,84
CAM-NIK-217,Indiranagar,0,57
CAM-NIK-217,Whitefield,3,53
CAM-NIK-217,Jayanagar,13,36
CAM-NIK-217,HSR Layout,4,68
CAM-NIK-217,Malleshwaram,20,79
CAM-NIK-217,Central WH,14,57
GAM-MIC-218,Koramangala,23,18
GAM-MIC-218,Indiranagar,13,86
GAM-MIC-218,Whitefield,2,9
GAM-MIC-218,Jayanagar,2,5
GAM-MIC-218,HSR Layout,2,39
GAM-MIC-218,Malleshwaram,1,77
GAM-MIC-218,Central WH,57,46
GAM-SON-219,Koramangala,17,35
GAM-SON-219,Indiranagar,16,25
GAM-SON-219,Whitefield,18,76
GAM-SON-219,Jayanagar,8,74
GAM-SON-219,HSR Layout,31,9
GAM-SON-219,Malleshwaram,10,59
GAM-SON-219,Central WH,7,33
GAM-NIN-220,Koramangala,18,13
GAM-NIN-220,Indiranagar,5,29
GAM-NIN-220,Whitefield,11,14
GAM-NIN-220,Jayanagar,14,61
GAM-NIN-220,HSR Layout,8,10
GAM-NIN-220,Malleshwaram,3,32
GAM-NIN-220,Central WH,18,53
GAM-SON-221,Koramangala,3,46
GAM-SON-221,Indiranagar,3,52
GAM-SON-221,Whitefield,6,34
GAM-SON-221,Jayanagar,5,36
GAM-SON-221,HSR Layout,0,71
GAM-SON-221,Malleshwaram,26,6
GAM-SON-221,Central WH,20,43
GAM-SON-222,Koramangala,13,16
GAM-SON-222,Indiranagar,16,32
GAM-SON-222,Whitefield,21,34
GAM-SON-222,Jayanagar,21,64
GAM-SON-222,HSR Layout,4,72
GAM-SON-222,Malleshwaram,7,5
GAM-SON-222,Central WH,34,68
GAM-MIC-223,Koramangala,11,25
GAM-MIC-223,Indiranagar,3,83
GAM-MIC-223,Whitefield,6,39
GAM-MIC-223,Jayanagar,1,86
GAM-MIC-223,HSR Layout,4,9
GAM-MIC-223,Malleshwaram,9,86
GAM-MIC-223,Central WH,53,70
GAM-NIN-224,Koramangala,0,55
GAM-NIN-224,Indiranagar,4,72
GAM-NIN-224,Whitefield,4,22
GAM-NIN-224,Jayanagar,1,25
GAM-NIN-224,HSR Layout,8,74
GAM-NIN-224,Malleshwaram,10,25
GAM-NIN-224,Central WH,15,14
GAM-MIC-225,Koramangala,47,39
GAM-MIC-225,Indiranagar,4,26
GAM-MIC-225,Whitefield,0,18
GAM-MIC-225,Jayanagar,7,14
GAM-MIC-225,HSR Layout,4,57
GAM-MIC-225,Malleshwaram,16,30
GAM-MIC-225,Central WH,36,56
GAM-NIN-226,Koramangala,5,14
GAM-NIN-226,Indiranagar,11,46
GAM-NIN-226,Whitefield,2,30
GAM-NIN-226,Jayanagar,8,68
GAM-NIN-226,HSR Layout,13,77
GAM-NIN-226,Malleshwaram,15,30
GAM-NIN-226,Central WH,48,32
GAM-MIC-227,Koramangala,1,24
GAM-MIC-227,Indiranagar,8,77
GAM-MIC-227,Whitefield,34,26
GAM-MIC-227,Jayanagar,4,34
GAM-MIC-227,HSR Layout,9,40
GAM-MIC-227,Malleshwaram,7,68
GAM-MIC-227,Central WH,27,39
GAM-NIN-228,Koramangala,12,67
GAM-NIN-228,Indiranagar,4,29
GAM-NIN-228,Whitefield,3,56
GAM-NIN-228,Jayanagar,12,5
GAM-NIN-228,HSR Layout,47,71
GAM-NIN-228,Malleshwaram,5,62
GAM-NIN-228,Central WH,40,74
GAM-NIN-229,Koramangala,9,73
GAM-NIN-229,Indiranagar,29,34
GAM-NIN-229,Whitefield,13,15
GAM-NIN-229,Jayanagar,5,38
GAM-NIN-229,HSR Layout,5,29
GAM-NIN-229,Malleshwaram,21,41
GAM-NIN-229,Central WH,23,75
GAM-MIC-230,Koramangala,2,10
GAM-MIC-230,Indiranagar,6,49
GAM-MIC-230,Whitefield,2,86
GAM-MIC-230,Jayanagar,3,30
GAM-MIC-230,HSR Layout,7,6
GAM-MIC-230,Malleshwaram,2,88
GAM-MIC-230,Central WH,52,41
ACC-BEL-231,Koramangala,16,20
ACC-BEL-231,Indiranagar,20,52
ACC-BEL-231,Whitefield,7,39
ACC-BEL-231,Jayanagar,8,37
ACC-BEL-231,HSR Layout,5,59
ACC-BEL-231,Malleshwaram,3,46
ACC-BEL-231,Central WH,51,44
ACC-ANK-232,Koramangala,9,45
ACC-ANK-232,Indiranagar,10,32
ACC-ANK-232,Whitefield,6,11
ACC-ANK-232,Jayanagar,39,5
ACC-ANK-232,HSR Layout,1,45
ACC-ANK-232,Malleshwaram,2,12
ACC-ANK-232,Central WH,41,38
ACC-ANK-233,Koramangala,12,88
ACC-ANK-233,Indiranagar,6,49
ACC-ANK-233,Whitefield,10,57
ACC-ANK-233,Jayanagar,4,46
ACC-ANK-233,HSR Layout,5,67
ACC-ANK-233,Malleshwaram,24,14
ACC-ANK-233,Central WH,25,7
ACC-BEL-234,Koramangala,7,42
ACC-BEL-234,Indiranagar,13,6
ACC-BEL-234,Whitefield,6,51
ACC-BEL-234,Jayanagar,4,17
ACC-BEL-234,HSR Layout,6,14
ACC-BEL-234,Malleshwaram,2,82
ACC-BEL-234,Central WH,24,39
ACC-POR-235,Koramangala,6,45
ACC-POR-235,Indiranagar,7,28
ACC-POR-235,Whitefield,12,79
ACC-POR-235,Jayanagar,13,39
ACC-POR-235,HSR Layout,5,23
ACC-POR-235,Malleshwaram,3,8
ACC-POR-235,Central WH,51,44
ACC-POR-236,Koramangala,22,38
ACC-POR-236,Indiranagar,15,42
ACC-POR-236,Whitefield,11,29
ACC-POR-236,Jayanagar,0,83
ACC-POR-236,HSR Layout,7,69
ACC-POR-236,Malleshwaram,9,83
ACC-POR-236,Central WH,42,73
ACC-ANK-237,Koramangala,3,26
ACC-ANK-237,Indiranagar,38,33
ACC-ANK-237,Whitefield,13,14
ACC-ANK-237,Jayanagar,1,80
ACC-ANK-237,HSR Layout,0,59
ACC-ANK-237,Malleshwaram,7,64
ACC-ANK-237,Central WH,46,34
ACC-BEL-238,Koramangala,27,51
ACC-BEL-238,Indiranagar,11,85
ACC-BEL-238,Whitefield,13,82
ACC-BEL-238,Jayanagar,7,14
ACC-BEL-238,HSR Layout,4,77
ACC-BEL-238,Malleshwaram,7,56
ACC-BEL-238,Central WH,26,34
ACC-ANK-239,Koramangala,12,41
ACC-ANK-239,Indiranagar,11,77
ACC-ANK-239,Whitefield,4,17
ACC-ANK-239,Jayanagar,2,59
ACC-ANK-239,HSR Layout,25,89
ACC-ANK-239,Malleshwaram,3,79
ACC-ANK-239,Central WH,7,38
ACC-MI-240,Koramangala,3,55
ACC-MI-240,Indiranagar,0,31
ACC-MI-240,Whitefield,0,72
ACC-MI-240,Jayanagar,22,22
ACC-MI-240,HSR Layout,3,84
ACC-MI-240,Malleshwaram,5,85
ACC-MI-240,Central WH,49,7
ACC-POR-241,Koramangala,7,6
ACC-POR-241,Indiranagar,25,27
ACC-POR-241,Whitefield,25,83
ACC-POR-241,Jayanagar,12,68
ACC-POR-241,HSR Layout,8,25
ACC-POR-241,Malleshwaram,31,35
ACC-POR-241,Central WH,41,62
ACC-POR-242,Koramangala,3,48
ACC-POR-242,Indiranagar,16,35
ACC-POR-242,Whitefield,2,84
ACC-POR-242,Jayanagar,11,54
ACC-POR-242,HSR Layout,17,81
ACC-POR-242,Malleshwaram,8,29
ACC-POR-242,Central WH,34,57
ACC-MI-243,Koramangala,11,25
ACC-MI-243,Indiranagar,41,52
ACC-MI-243,Whitefield,9,49
ACC-MI-243,Jayanagar,13,75
ACC-MI-243,HSR Layout,7,50
ACC-MI-243,Malleshwaram,32,80
ACC-MI-243,Central WH,16,77
TV-55Q7,Koramangala,4,18
TV-55Q7,Indiranagar,3,83
TV-55Q7,Whitefield,12,64
TV-55Q7,Jayanagar,5,35
TV-55Q7,HSR Layout,21,32
TV-55Q7,Malleshwaram,18,5
TV-55Q7,Central WH,0,30
REF-DD-190,Koramangala,4,207
REF-DD-190,Indiranagar,5,205
REF-DD-190,Whitefield,3,206
REF-DD-190,Jayanagar,4,225
REF-DD-190,HSR Layout,5,201
REF-DD-190,Malleshwaram,2,220
REF-DD-190,Central WH,3,195
LAP-I5-G12,Koramangala,5,60
LAP-I5-G12,Indiranagar,5,60
LAP-I5-G12,Whitefield,3,60
LAP-I5-G12,Jayanagar,3,60
LAP-I5-G12,HSR Layout,3,60
LAP-I5-G12,Malleshwaram,5,60
LAP-I5-G12,Central WH,40,75
LAP-I5-G13,Koramangala,6,7
LAP-I5-G13,Indiranagar,5,5
LAP-I5-G13,Whitefield,9,31
LAP-I5-G13,Jayanagar,6,12
LAP-I5-G13,HSR Layout,6,77
LAP-I5-G13,Malleshwaram,4,76
LAP-I5-G13,Central WH,26,33
HP-ANC-700,Koramangala,4,9
HP-ANC-700,Indiranagar,6,12
HP-ANC-700,Whitefield,9,86
HP-ANC-700,Jayanagar,8,89
HP-ANC-700,HSR Layout,24,76
HP-ANC-700,Malleshwaram,16,23
HP-ANC-700,Central WH,0,74
WM-FL-8KG,Koramangala,23,5
WM-FL-8KG,Indiranagar,2,13
WM-FL-8KG,Whitefield,3,85
WM-FL-8KG,Jayanagar,2,9
WM-FL-8KG,HSR Layout,28,140
WM-FL-8KG,Malleshwaram,3,67
WM-FL-8KG,Central WH,0,77
SW-FIT-3,Koramangala,9,21
SW-FIT-3,Indiranagar,2,80
SW-FIT-3,Whitefield,1,18
SW-FIT-3,Jayanagar,11,60
SW-FIT-3,HSR Layout,16,51
SW-FIT-3,Malleshwaram,3,40
SW-FIT-3,Central WH,22,66
TV-65U8,Koramangala,5,62
TV-65U8,Indiranagar,6,45
TV-65U8,Whitefield,5,75
TV-65U8,Jayanagar,4,44
TV-65U8,HSR Layout,6,41
TV-65U8,Malleshwaram,4,79
TV-65U8,Central WH,5,56
